round,server_loss,train_loss,eval_loss
1,0.8002541462580363,0.11590483601059812,0.7980710222130349
2,0.5856210439054815,0.0563993381830392,0.5815765747292876
3,0.4625320452022123,0.04549379516065007,0.4591819868325272
4,0.40294009890105276,0.029429169002765543,0.3997426279560482
5,0.3371212671737413,0.026554130695874485,0.33417640068319987
6,0.3199543297827781,0.018106741438106783,0.31740449538654286
7,0.28979692843046273,0.02264748759606408,0.2873039213722183
8,0.2754377136090854,0.019123920549250335,0.2734152018297123
9,0.25834325949350995,0.016018031378332943,0.2568670734880946
10,0.21958853619861174,0.014941648848026408,0.21800063995348637
11,0.22103014319866626,0.016820149829285237,0.21997481856818174
12,0.21758205732246777,0.013875037299926691,0.21646112545500187
13,0.2286297597729408,0.012491096426418423,0.2277019789488635
14,0.21946154534816742,0.010841643877760302,0.21866185690099343
15,0.20278573002632674,0.011274542492989665,0.20223355662313952
16,0.206915450257224,0.010398384879425886,0.20625289233493227
17,0.2039612034956614,0.011216752534159118,0.2031463391901225
18,0.20787335502671767,0.010311522613120972,0.20708814761138356
19,0.1867987002741109,0.009601829128876737,0.18612026775726598
20,0.19177221446423917,0.010112468045911576,0.19098897401247927
21,0.17762323603168265,0.009237835003945389,0.17705923853211392
22,0.1865612480218883,0.00976946079532865,0.18617948822757086
23,0.15831038835752118,0.008457078417663473,0.1578142729430902
24,0.14923776753313905,0.008785652473312042,0.1488215762196042
25,0.14778905277987858,0.008298964198102044,0.1474537279821098
26,0.14022769409793992,0.007620070499061753,0.13973904082459576
27,0.14448424864996662,0.007934108908722244,0.1438924861044479
28,0.13719208108949232,0.0074632861575121634,0.13668961717705816
29,0.12597574290257316,0.00766290561116668,0.12540706676319568
30,0.11970167885626759,0.007074685870478766,0.11918854279830494
31,0.12052439612982509,0.007279498262539903,0.11999976616830037
32,0.12168270409912676,0.006931432855498175,0.1211568449775582
33,0.10757465167222796,0.007016726449463915,0.10700713333644664
34,0.10893739222943245,0.006582273766009875,0.10841883420981027
35,0.11686923015896264,0.0069303257657860875,0.11646980264592655
36,0.10085173306969909,0.00647310426573282,0.1003580705601864
37,0.09689038277075097,0.006408132011535414,0.09626695959176942
38,0.09085301291365344,0.006372157036136059,0.09030883777151405
39,0.08194889440327077,0.006585619857048163,0.08141825433669764
40,0.08330746874347464,0.006222242037495758,0.08289740834443224
41,0.08614613218149086,0.006312017265773405,0.08571741685468057
42,0.07844780531485339,0.006094290877479291,0.0780058474871636
43,0.07623833172895887,0.006105572257834148,0.07579507909557612
44,0.07229131992134424,0.006120354899816448,0.07189008132430877
45,0.07693007321575203,0.00593802359443863,0.07652723614743664
46,0.06462791332186342,0.00614185539322235,0.06420967892996733
47,0.06571420909719425,0.005886693781875328,0.06535993569334166
48,0.06355614157242549,0.005812743448771651,0.06313742669374245
49,0.07044645116941349,0.005815242770325456,0.0700704194594321
50,0.06591369094209629,0.005436847836906596,0.06555533885539987
51,0.0669216350526423,0.005806380540323518,0.066579612899292
52,0.06458897751059618,0.0056638432608460965,0.06418954758730103
53,0.06466932943812362,0.00508323740480438,0.06429918430610723
54,0.06204056800217242,0.0053791741825391344,0.06167353652669003
55,0.06071808207612317,0.005298944548511842,0.06033474633232097
56,0.05579579452069493,0.005196701323223904,0.0554284995992178
57,0.06028266232628543,0.005488956245140617,0.05994980781936516
58,0.0560135707712254,0.005497804624672948,0.05569869113138234
59,0.06063911701376374,0.005117657798977585,0.06033562067314924
60,0.057459142008745995,0.004879540606749907,0.057106401134751045
61,0.062357806911071144,0.005084773480201522,0.062069967701391546
62,0.0568237638537277,0.00483626428902741,0.056512397818292245
63,0.055802809368181334,0.005057984302133565,0.05548953192805392
64,0.05344089330383786,0.00471635269164608,0.053125978278317575
65,0.05178539319014227,0.004765355614275666,0.051454933841425264
66,0.05755919932916358,0.00474296877367194,0.05726339083964417
67,0.05599245810797354,0.004415132966589972,0.0557330948090514
68,0.0591932532318809,0.004423601181785801,0.058879972996631086
69,0.05229998031748576,0.004626431213114194,0.051973400190454294
70,0.05276463898150502,0.004786436305039604,0.052478797424814025
71,0.05467293837720209,0.004584066616958266,0.054403430315667474
72,0.053984208611419074,0.004856775577358688,0.05374778791718083
73,0.05233905440078931,0.004278736332203584,0.05203731081474573
74,0.05281759624847689,0.00459251575690584,0.05249262191615778
75,0.053918351041706836,0.004687890941386464,0.05366026920026069
76,0.052724009279061006,0.00465383262119814,0.05243896684393516
77,0.05206053214869252,0.004433016002026276,0.05183036556470127
78,0.05297989880682917,0.004368076955340505,0.052618081809040554
79,0.051737277474892034,0.00441030610955858,0.05144698914869458
80,0.05032130867779792,0.004137543086695652,0.05005599779182854
81,0.05047474033828523,0.003968281354722535,0.050206364798500304
82,0.05013974416195541,0.00412623183000312,0.04990818240603653
83,0.049663773267991373,0.004301153865414336,0.0494621275488666
84,0.051335797066221364,0.003983506576271598,0.051162292197589006
85,0.048163851538488456,0.004032851025121199,0.04798169295885694
86,0.050187280116317505,0.004329161978005126,0.04996063704946957
87,0.05415776546473976,0.0038630695940916155,0.05385848185935792
88,0.05110851383289775,0.0038813202236610916,0.05086719146748409
89,0.04950679929272549,0.003949826261246374,0.0492614766919995
90,0.05282456573803682,0.0037263914481893883,0.05256885900310397
91,0.051860169348147536,0.0038167743883155613,0.051572039592125134
92,0.048401849780668006,0.003970622944995946,0.04813438316970085
93,0.05093968907992045,0.00377005775939758,0.050753077593912024
94,0.048001966623773984,0.0035569364491522537,0.047835959024985705
95,0.04788616890305871,0.0038863054635920173,0.0476809663371382
96,0.051323996361781345,0.003741130117311406,0.05110740446348759
97,0.0478818014700402,0.0034933291774240966,0.047744268797255
98,0.04695037243099095,0.0037331305284941784,0.04674132320173918
99,0.05226475751312735,0.0036043113993081606,0.052064303942301424
100,0.048591453741463994,0.0033882772571542383,0.04835482016929562
